"Chatô, o Rei do Brasil"
"Chatô, o Rei do Brasil (livro)"
Assis Chateaubriand (Paraná)
Academia Brasileira de Letras
Embaixada do Brasil em Londres
17 de novembro
1957
26 de janeiro
1960
Juscelino Kubitschek
Samuel de Sousa Leão Gracie
José Cochrane de Alencar
Senado Federal do Brasil
Maranhão
1º de junho
1955
15 de setembro
Antônio Bayma
Raimundo Públio Bandeira de Melo
Paraíba
4 de abril
1952
3 de fevereiro
Vergniaud Wanderley
Argemiro de Figueiredo
4 de outubro
1892
Umbuzeiro (Paraíba)
1968
São Paulo
São Paulo (estado)
Brasileiros
Alma mater
Faculdade de Direito do Recife da Universidade Federal de Pernambuco
Gilberto Chateaubriand
Advogado
Dono de mídia
Empresário
Escritor
Jornalista
Mecenas
Político
Professor universitário
Professor
Direito
Mecenato
Brasil
Diários Associados
Museu de Arte de São Paulo
Pietro Maria Bardi
Rede Tupi
Cidadão Kane
Francisco Matarazzo Júnior
Getúlio Vargas
Francisco de Assis
Poeta
Pensador
França
François-René de Chateaubriand
Século XIX
São João do Cariri
Corruptela
Zózimo Barrozo do Amaral
Poder familiar
Faculdade de Direito da Universidade Federal de Pernambuco
Diario de Pernambuco
Arma
Francisco de Assis Rosa e Silva
Rio de Janeiro (estado)
Europa
Carlos Leôncio de Magalhães
Percival Farquhar
América Latina
Jornal do Commercio
República Velha
Revolução de 1930
Francisco Matarazzo
Rui Barbosa
Rubem Braga
Rodrigues Alves
"São Paulo Tramway, Light and Power Company"
Estado Novo (Brasil)
City of London
Gigolô
Petrobrás
Tecnologia
General Electric
Toddy
Década de 1930
Literatura
Graça Aranha
Millôr Fernandes
Anita Malfatti
Di Cavalcanti
Cândido Portinari
Rádio (comunicação)
Televisão
TV Tupi
Correio Braziliense
TV Brasília
Brasília
Trombose
Ticiano Vecellio
Renoir
Lina Bo Bardi
Roberto Marinho
Revista O Cruzeiro
A Cigarra
Revista em quadrinhos
O Guri
1940
O Cruzeiro (editora)
Ordem Militar de Cristo
Toledo (Paraná)
Paraná
Paulo Cruz Pimentel
Lima Duarte
Ney Braga
Moisés Lupion
Fernando Collor
José Carlos Martinez
ABL
Arquivo Nacional (Brasil)
Frederico Barata (crítico de arte)
Eliseu Visconti
Visconti
Frederico Barata
1941
Campanha nacional da aviação
Aeroclube
Joaquim Pedro Salgado Filho
Ministério da Guerra (Brasil)
Segunda Guerra Mundial
Universidade Estadual da Paraíba
Campina Grande
Museu de Artes Assis Chateaubriand
Ticiano
Nu
Cemitério do Araçá
Estátua
Araxá
Luiz Ramalho
Antonio Calloni
Um Só Coração
Guilherme Fontes
Marco Ricca
Tribunal de Contas da União
Marcos Manhães Marins
Acadêmicos do Grande Rio
Inocentes de Belford Roxo
Aníbal Freire da Fonseca
Campanha Ouro para o bem do Brasil
Fundação Assis Chateaubriand
Ordem do Jagunço
Super Rádio Tupi
Gonçalo Junior
Editora Companhia das Letras
"A Guerra dos Gibis - a formação do mercado editorial brasileiro e a censura aos quadrinhos, 1933-1964"
International Standard Book Number
Fernando Morais
Wikimedia
Lista de membros da Academia Brasileira de Letras
João Cabral de Melo Neto
Dario de Almeida Magalhães
Edmundo Monteiro
João Calmon
Paulo Cabral de Araújo
Aqui DF
Estado de Minas
O Imparcial
Rede Alterosa
TV Alterosa Belo Horizonte
TV Alterosa Centro-Oeste
TV Alterosa Leste
TV Alterosa Sul de Minas
TV Alterosa Zona da Mata
Rede Clube FM
Clube FM Brasília
Clube FM Belo Horizonte
Lista de emissoras da Rede Clube FM
Rádio Clube (Fortaleza)
Rádio Clube (Recife)
Clube FM (Recife)
Correio Web
Portal Uai
D.A. Press
D.A. Log
Rede Clube Brasil
Lista de antigas emissoras da Rede Tupi
Lista de séries de televisão da Rede Tupi
Lista de telenovelas da Rede Tupi
Fundação Padre Anchieta
Organizações Paulo Octávio
Sistema Nordeste de Comunicação
Sistema Verdes Mares
Lista de presidentes da Academia Brasileira de Letras
Lista de sócios-correspondentes da Academia Brasileira de Letras
Adelino Fontoura
Luís Murat
Afonso d'Escragnolle Taunay
Ivan Monteiro de Barros Lins
Bernardo Élis
Evandro Lins e Silva
Ana Maria Machado
Álvares de Azevedo
Coelho Neto
João Neves da Fontoura
Guimarães Rosa
Mário Palmério
Tarcísio Padilha
Eduardo Giannetti
Artur de Oliveira
Filinto de Almeida
Roberto Simonsen
Herberto Sales
Carlos Heitor Cony
Joaquim Falcão
Basílio da Gama
Aluísio Azevedo
Alcides Maia
Vianna Moog
Carlos Nejar
Bernardo Guimarães
Raimundo Correia
Oswaldo Cruz
Aloísio de Castro
Cândido Mota Filho
Rachel de Queiroz
José Murilo de Carvalho
Ailton Krenak
Casimiro de Abreu
Teixeira de Melo
Artur Silveira de Motta
Goulart de Andrade (escritor)
Barbosa Lima Sobrinho
Raimundo Faoro
Cícero Sandroni
Castro Alves
Valentim Magalhães
Euclides da Cunha
Afrânio Peixoto
Afonso Pena Júnior
Hermes Lima
Pontes de Miranda
Dinah Silveira de Queiroz
Sergio Corrêa da Costa
Nelson Pereira dos Santos
Cacá Diegues
Cláudio Manuel da Costa
Alberto de Oliveira
Oliveira Viana
Austregésilo de Athayde
Antônio Calado
Antônio Olinto
Cleonice Berardinelli
Ricardo Cavaliere
Gonçalves de Magalhães
Carlos Magalhães de Azeredo
Marques Rebelo
Carlos Chagas Filho
Alberto da Costa e Silva
Lilia Schwarcz
Evaristo da Veiga
Ruy Barbosa
Laudelino Freire
Osvaldo Orico
Orígenes Lessa
Lêdo Ivo
Rosiska Darcy
Fagundes Varella
Lúcio de Mendonça
Pedro Lessa
Eduardo Ramos
João Luís Alves
Adelmar Tavares
Deolindo Couto
Darcy Ribeiro
Celso Furtado
Hélio Jaguaribe
Ignácio de Loyola Brandão
França Júnior
Urbano Duarte de Oliveira
Augusto de Lima (político)
Vítor Viana
José Carlos de Macedo Soares
Abgar Renault
Lucas Moreira Neves
Alfredo Bosi
Paulo Niemeyer Soares Filho
Francisco Otaviano
Alfredo d'Escragnolle Taunay
Francisco de Castro (acadêmico)
José Isidoro Martins Júnior
João Carneiro de Sousa Bandeira
Hélio Lobo
Augusto Meyer
Francisco de Assis Barbosa
Sérgio Paulo Rouanet
Ruy Castro
Franklin Távora
Clóvis Beviláqua
Antônio Carneiro Leão
Fernando de Azevedo
Miguel Reale
Celso Lafer
Gonçalves Dias
Olavo Bilac
Amadeu Amaral
Guilherme de Almeida
Odilo Costa Filho
Marcos Barbosa
Fernando Bastos de Ávila
Marco Lucchesi
Gregório de Matos
Araripe Júnior
Félix Pacheco
Pedro Calmon
Lygia Fagundes Telles
Jorge Caldeira
Hipólito da Costa
Sílvio Romero
Osório Duque-Estrada
Roquette-Pinto
Álvaro Lins
Antônio Houaiss
Affonso Arinos de Mello Franco
Fernanda Montenegro
João Francisco Lisboa
José Veríssimo
Francisco Inácio Marcondes Homem de Melo
Alberto Faria
Luís Carlos (poeta)
Pereira da Silva (poeta)
Peregrino Júnior
Arnaldo Niskier
Joaquim Caetano
Alcindo Guanabara
Silvério Gomes Pimenta
Gustavo Barroso
Antônio da Silva Melo
Américo Jacobina Lacombe
Marcos Almir Madeira
Antônio Carlos Secchin
Joaquim Manuel de Macedo
Salvador de Mendonça
Emílio de Meneses
Humberto de Campos
Múcio Leão
Aurélio de Lira Tavares
Murilo Melo Filho
Gilberto Gil
Joaquim Serra
José do Patrocínio
Mário de Alencar
Olegário Mariano
Álvaro Moreyra
Adonias Filho
Dias Gomes
Roberto Campos
Paulo Coelho
"José Bonifácio, o Moço"
Medeiros e Albuquerque
Miguel Osório de Almeida
Luís Viana Filho
Ivo Pitanguy
João Almino
José de Alencar
Machado de Assis
Lafayette Rodrigues Pereira
Alfredo Pujol
Otávio Mangabeira
Jorge Amado
Zélia Gattai
Luiz Paulo Horta
Antônio Torres
Júlio Ribeiro
Garcia Redondo
Luís Guimarães Filho
Manuel Bandeira
Ciro dos Anjos
Sábato Magaldi
Geraldo Carneiro
Junqueira Freire
Franklin Dória
Artur Orlando da Silva
Ataulfo de Paiva
José Lins do Rego
Afonso Arinos de Melo Franco (sobrinho)
Alberto Venancio Filho
Laurindo Rabelo
Guimarães Passos
João do Rio
Constâncio Alves
Ribeiro Couto
Gilberto Amado
Mauro Mota
Marcos Vilaça
Maciel Monteiro
Joaquim Nabuco
Dantas Barreto
Gregório da Fonseca
Levi Carneiro
Otávio de Faria
Eduardo Portella
Antonio Cicero
Edgard Telles Ribeiro
Manuel Antônio de Almeida
Inglês de Sousa
Xavier Marques
Menotti Del Picchia
Oscar Dias Correia
Domício Proença Filho
Martins Pena
Artur Azevedo
Vicente de Carvalho
Cláudio de Sousa
Josué Montello
José Mindlin
Geraldo Holanda Cavalcanti
Pardal Mallet
Pedro Rabelo
Heráclito Graça
Antônio Austregésilo
Aurélio Buarque de Holanda
Nélida Piñon
Heloísa Teixeira
Pedro Luís Pereira de Sousa
Guimarães Júnior
João Ribeiro (escritor)
Paulo Setúbal
Cassiano Ricardo
José Cândido de Carvalho
Geraldo França de Lima
Moacyr Scliar
Merval Pereira
Manuel de Araújo Porto-Alegre
Carlos de Laet
Ramiz Galvão
Viriato Correia
Joracy Camargo
Genolino Amado
Ariano Suassuna
Zuenir Ventura
Raul Pompeia
Domício da Gama
Fernando Magalhães
Luís Edmundo
Afrânio Coutinho
Evanildo Bechara
Sousa Caldas
João Manuel Pereira da Silva
José Maria da Silva Paranhos Júnior
Lauro Müller
Francisco de Aquino Correia
Raimundo Magalhães Júnior
Carlos Castelo Branco
João Ubaldo Ribeiro
Evaldo Cabral de Mello
Aureliano Tavares Bastos
Rodrigo Otávio
Rodrigo Otávio Filho
José Honório Rodrigues
Celso Cunha
Cândido Mendes de Almeida (escritor)
Godofredo de Oliveira Neto
Teófilo Dias
Afonso Celso (poeta)
Clementino Fraga
Paulo Carneiro
José Guilherme Merquior
João de Scantimburgo
Fernando Henrique Cardoso
Tomás António Gonzaga
Silva Ramos
José de Alcântara Machado
Ivan Junqueira
Ferreira Gullar
Arno Wehling
Tobias Barreto
Santos Dumont
Celso Vieira de Matos Melo Pereira
Maurício de Medeiros
José Américo de Almeida
José Sarney
Francisco Adolfo de Varnhagen
Oliveira Lima
Alberto de Faria
Rocha Pombo
Rodolfo Garcia
Elmano Cardim
Otto Lara Resende
Marco Maciel
José Paulo Cavalcanti Filho
José Maria da Silva Paranhos
Eduardo Prado
Afonso Arinos de Melo Franco
Miguel Couto
Alceu Amoroso Lima
Evaristo de Moraes Filho
Edmar Bacha
Reino Unido
Manuel Rodrigues Gameiro Pessoa
Felisberto Caldeira Brant Pontes
Francisco de Assis Mascarenhas
José de Araújo Ribeiro
Sérgio Teixeira de Macedo
Francisco Inácio de Carvalho Moreira
Raul Régis de Oliveira
Carlos Alves de Souza Filho
Mário Gibson Alves Barbosa
Paulo Tarso Flecha de Lima
Sérgio Amaral
Celso Amorim
José Maurício Bustani
Eduardo dos Santos (diplomata)
Antonio Patriota
Base Virtual Internacional de Autoridade
Biblioteca Nacional da França
Catálogo de autoridades de nomes e títulos da Catalunha
Faceted Application of Subject Terminology
Gemeinsame Normdatei
International Standard Name Identifier
Número de controle da Biblioteca do Congresso
Biblioteca Real dos Países Baixos
Sistema Universitário de Documentação
Centro de Pesquisa e Documentação de História Contemporânea do Brasil
Itaú Cultural
Universidade Federal de Santa Catarina
Open Library
Biblioteca Nacional de Israel
