"Brasil, Bolsa, Balcão"
Bolsa de Nova Iorque
Tokyo Stock Exchange
Bolsa Mexicana de Valores
Ação (finanças)
Capital aberto
Valores mobiliários
Mercado de opções
Sociedade civil sem fins lucrativos
Eletrônico
Sociedade anônima
Lucro
Título mobiliário
Corretora de valores
Roma antiga
Grécia antiga
Bruges
Moeda
Letra de câmbio
Metais preciosos
Revolução Comercial
Antuérpia
Amsterdam
Lyon
Bordeaux
Marseille
Bolsa de Londres
Títulos da dívida pública
Plátano
Wall Street
New York Stock Exchange
Nova Inglaterra
Lista de bolsas de valores
Lista de bolsa de valores e de mercadorias no Brasil
Índice de Bolsa de Valores
Investidores anjo
Ativo
Contrato
Plataforma (computação)
Algoritmo
Bancos de investimento
Fundos de pensão
UE
EUA
Sistema financeiro
Bolsa de eletricidade
Ação (bolsa de valores)
Bolsa Brasileira de Mercadorias
Mercado de balcão
Derivativo
Debêntures
Home broker
Negociações de alta frequência
The Economist
União Europeia
Wikimedia
Estados Unidos
Bolsa de Valores de Nova Iorque
NASDAQ
Japão
Bolsa de Valores de Tóquio
Países Baixos
França
Bélgica
Portugal
Euronext
Reino Unido
Itália
London Stock Exchange Group plc
Hong Kong
Bolsa de Valores de Hong Kong
China
Bolsa de Valores de Xangai
Canadá
Bolsa de Valores de Toronto
Bolsa de Valores de Shenzhen
Alemanha
Deutsche Börse
Suíça
SIX Swiss Exchange
Índia
Bolsa de Valores de Bombaim
Bolsa de Valores da Índia
Austrália
Australian Securities Exchange
Coreia do Sul
Korea Exchange
Suécia
Finlândia
Dinamarca
Islândia
"Nasdaq, Inc."
Espanha
Bolsas y Mercados Españoles
Brasil
B3 (bolsa de valores)
África do Sul
JSE Limited
Taiwan
Bolsa de Valores de Taiwan
