"Reino Unido de Portugal, Brasil e Algarves"
Primeira República Brasileira
Uruguai
Bandeira do Império do Brasil
Brasão de armas do Brasil
Lema
Hino nacional
Hino da Independência do Brasil
Província Cisplatina
Continente
América do Sul
Capital
Rio de Janeiro
Língua oficial
Língua portuguesa
Religião oficial
Católica romana
Forma de governo
Monarquia constitucional
Parlamentarismo
Estado unitário
Lista de imperadores brasileiros
Pedro I do Brasil
Pedro II do Brasil
De jure
De facto
Declaração da Maioridade
Lista de primeiros-ministros do Brasil
Manuel Alves Branco
Afonso Celso de Assis Figueiredo
Poder legislativo
Assembleia Geral do Império do Brasil
Câmara alta
Senado Federal do Brasil
Câmara baixa
Câmara dos Deputados do Brasil
Revoluções do Atlântico
Romantismo no Brasil
Realismo no Brasil
Naturalismo
Parnasianismo
Belle Époque
9 de janeiro
1822
Dia do Fico
7 de setembro
Independência do Brasil
12 de outubro
Primeiro reinado
7 de abril
1831
Abdicação de Pedro I do Brasil
Período regencial (Brasil)
23 de julho
1840
Segundo reinado
13 de maio
1888
Abolicionismo no Brasil
15 de novembro
1889
Proclamação da República do Brasil
Lista de países e territórios por área
Lista de países por população
Lista de países por densidade populacional
Moeda
Real (antiga moeda brasileira)
História do Brasil
História pré-cabralina do Brasil
Luzia (fóssil)
Parque Nacional Serra da Capivara
Marajoaras
Sambaquis
Kuhikugu
Brasil Colônia
Descoberta do Brasil
Período pré-colonial do Brasil
Ciclo do Açúcar
Ciclo do Ouro
Reino do Brasil
Lista de guerras indígenas no Brasil
Quilombos
Capitanias do Brasil
Primeiro Reinado
Noite da Agonia
Confederação do Equador
Guerra da Cisplatina
Noite das Garrafadas
Guerra dos Farrapos
Guerra dos Cabanos
Revolução Praieira
Golpe da Maioridade
Segundo Reinado
Ciclo do café
Guerra contra Oribe e Rosas
Guerra do Uruguai
Guerra do Paraguai
Questão Religiosa
Questão Militar
Proclamação da República Brasileira
República da Espada
Crise do encilhamento
Revolta da Armada
Guerra de Canudos
Política do Café com Leite
Política dos Governadores
Coronelismo
Guerra do Contestado
Revolta da Chibata
Greve geral de 1917
Tenentismo
Revolta dos 18 do Forte de Copacabana
Semana de Arte Moderna
Revolta Paulista de 1924
Coluna Prestes
Lei celerada
Grande Depressão
Era Vargas
Revolução de 1930
Revolução Constitucionalista de 1932
Ação Integralista Brasileira
Aliança Nacional Libertadora
Intentona Comunista
Estado Novo (Brasil)
Intentona Integralista
Brasil na Segunda Guerra Mundial
Deposição de Vargas
República Populista
Queremismo
Constituição de 1946
Eurico Gaspar Dutra
Eleição presidencial no Brasil em 1950
Governo Getúlio Vargas (1951-1954)
Atentado da rua Tonelero
Morte de Getúlio Vargas
Eleição presidencial no Brasil em 1955
Movimento de 11 de Novembro
Juscelino Kubitschek
Construção de Brasília
Eleição presidencial no Brasil em 1960
Governo Jânio Quadros
Governo João Goulart
Campanha da Legalidade
República Parlamentarista (Brasil)
Ditadura militar brasileira
Golpe de Estado no Brasil em 1964
Comando Supremo da Revolução
Governo Castello Branco
Atos Institucionais
Governo Costa e Silva
Passeata dos Cem Mil
AI-5
Junta militar brasileira de 1969
Governo Médici
Milagre econômico brasileiro
Governo Geisel
Governo João Figueiredo
Lei da Anistia
Abertura política
Luta armada contra a ditadura militar brasileira
Doutrina de segurança nacional (Brasil)
Tortura no Brasil
Lista de mortos e desaparecidos políticos na ditadura militar brasileira
Nova República
Constituição brasileira de 1988
Governo Sarney
Hiperinflação no Brasil
Governo Collor
Impeachment de Fernando Collor
Plano Real
Governo Fernando Henrique Cardoso
Desvalorização do real em 1999
Crise do apagão
Governo Lula (2003–2011)
Fome Zero
Bolsa Família
Mensalão
Governo Dilma Rousseff
Jornadas de Junho
Crise econômica brasileira de 2014
Petrolão
Operação Lava-Jato
Impeachment de Dilma Rousseff
Governo Temer
Crise do Diesel
Joesley Day
Governo Bolsonaro
Pandemia de COVID-19 no Brasil
Tentativa de golpe de Estado no Brasil em 2022–2023
Ataques de 8 de janeiro em Brasília
Governo Lula (2023-presente)
Estado
Brasil
Acre
Colónia
Reino de Portugal
Estado do Brasil
Império Português
João VI de Portugal
Guerra Peninsular
Transferência da corte portuguesa para o Brasil
Revolução liberal do Porto
Tratado do Rio de Janeiro (1825)
América espanhola
Crescimento econômico
Liberdade de expressão
Constituição brasileira de 1824
Escravidão no Brasil
Propriedade privada
Cidadania
Sufrágio censitário
Províncias Unidas do Rio da Prata
Cisplatina (província)
Lista de monarcas de Portugal
D. Pedro IV
Maria II de Portugal
Miguel I de Portugal
Guerra Civil Portuguesa
Guerra do Prata
Imigração no Brasil
Catolicismo
Lei Áurea
Neoclassicismo
Romantismo
Cultura do Brasil
Positivismo
História do Império do Brasil
Cronologia do Império do Brasil
Guerra de Independência do Brasil
Simplício de Sá
Pedro Álvares Cabral
João III de Portugal
Lista de governadores-gerais do Brasil
Regimento do Governador-Geral
América Portuguesa
Estado do Maranhão
São Luís (Maranhão)
Napoleão Bonaparte
Família real portuguesa
Casa de Bragança
Dinastia capetiana
Praça XV (Rio de Janeiro)
Paço Imperial
Convento do Carmo (Rio de Janeiro)
Igreja de Nossa Senhora do Carmo da Antiga Sé
Coroação de Pedro I do Brasil
Mestre Valentim
Corcovado
Jean-Baptiste Debret
Regência (governo)
Maria I de Portugal
José Bonifácio de Andrada e Silva
Guerra da Independência do Brasil
Cadeia Velha
Palácio Tiradentes
Assembleia Constituinte do Brasil de 1823
Recife
Pernambuco
Comarca do Rio de São Francisco
Frei Caneca
Argentina
Lisboa
Paço de São Cristóvão
Museu Nacional (Rio de Janeiro)
Quinta da Boa Vista
Família imperial brasileira
Chefe de Estado
São Paulo
Autonomia político-administrativa
Ato Adicional de 1834
Revolta do Ano da Fumaça
Revolta de Carrancas
Província de Minas Gerais
Cabanagem
Província do Grão-Pará
Balaiada
Província do Maranhão
Revolta dos Malês
Sabinada
Província da Bahia
Província de São Pedro do Rio Grande do Sul
Partido Conservador (Brasil)
Partido Liberal (1831)
Cortesão
Conselho de ministros
Comércio atlântico de escravizados
Império Britânico
Lei Aberdeen
Lei Eusébio de Queirós
Confederação Argentina
Rio da Prata
Juan Manuel de Rosas
Liberdade de imprensa
Região Nordeste do Brasil
Locomotiva
Bahia
Porto do Recife
Estradas de ferro
Telégrafo
Navios a vapor
Honório Hermeto Carneiro Leão
Máquina política
Joaquim José Rodrigues Torres
Eusébio de Queirós
Paulino José Soares de Sousa
Estadista
Liga Progressista
William Dougal Christie
Questão Christie
Ultimato
Indenização
Francisco Solano López
Potência regional
Visconde de Itaboraí
Fala do trono
Pedro Américo
Minas Gerais
Região Sudeste do Brasil
Estados Unidos
América
José Maria da Silva Paranhos
Lei do Ventre Livre
Escravocrata
Declínio e queda de Pedro II do Brasil
Direitos da mulher
Monarquia brasileira
Exército Brasileiro
Republicanismo
Ditadura
Isabel do Brasil
Potência emergente
Guarda Nacional (Brasil)
Golpe de Estado
Presidencialismo
Censo demográfico do Brasil de 1872
Brasileiros
Brasileiros brancos
Pardos
Mulatas
Cafuzas
Caboclo
Povos indígenas do Brasil
Afro-brasileiros
Etnia
Províncias do Império do Brasil
Censo nacional
Províncias do Brasil
Município Neutro
Unidades federativas do Brasil
Salvador
Conselheiro Lafaiete
Sabará
Província de Pernambuco
Minas Novas
Campos dos Goytacazes
Província do Rio de Janeiro
Caruaru
Cachoeira (Bahia)
Grão Mogol
Serro
Feira de Santana
Belém (Pará)
Rio Pardo de Minas
Rio de Contas (Bahia)
Santa Bárbara (Minas Gerais)
Santo Amaro (Bahia)
Ouro Preto
Ponte Nova
Niterói
Composição étnica do Brasil
Caboclos
Mulatos
Cafuzos
Região Norte do Brasil
Região Centro-Oeste do Brasil
Paraíba
Maranhão
Rio de Janeiro (estado)
Espírito Santo (estado)
Sertão
Colonização do Brasil
Imigração portuguesa no Brasil
Imigração italiana no Brasil
Imigração espanhola no Brasil
Imigração alemã no Brasil
Região Sul do Brasil
São Paulo (estado)
Ceará
Rio Grande do Norte
África subsaariana
Sergipe
Alagoas
Piauí
Pará
Amazonas
Luxemburgo
Santa Leopoldina
Portugueses
Povo europeu
Britânico
Alemães
Italianos
Espanhóis
Europa
Imigração suíça no Brasil
Irlando-brasileiro
Produção de café no Brasil
Servidão
Instituto Brasileiro de Geografia e Estatística
Nacionalidade
Russos
Imigração polonesa no Brasil
Húngaros
Europeus
Tráfico de escravos para o Brasil
Pós-abolição no Brasil
Marc Ferrez
África
Religiões tradicionais africanas
Línguas africanas
Negros
Escravidão branca
Canaviais
Algodão
Arroz
Ciclo do ouro
Rio Grande do Sul
Ronaldo Vainfas
Direitos civis
Nobreza do Império do Brasil
Nobreza da terra
Dinastia de Bragança
Aclamação
Nobreza
Apanágio
Estipêndio
Meritocracia
Estado brasileiro
Poder executivo
Título nobiliárquico
Títulos de nobreza
Fidalgo
Barão
Visconde
Conde
Marquês
Duque
Grandeza
Sua Excelência
Augusto de Beauharnais
Isabel Maria de Alcântara Brasileira
Luís Alves de Lima e Silva
Duque de Caxias
Thomas Cochrane
Conde de Dundonald
Escoceses
Francisco Paulo de Almeida
1826
1901
Guaraciaba (Minas Gerais)
"Isabel, Princesa Imperial do Brasil"
Brasileiros negros
Ordens honoríficas do Brasil
Imperial Ordem de Nosso Senhor Jesus Cristo
Imperial Ordem de São Bento de Avis
Imperial Ordem de Sant'Iago da Espada
Imperial Ordem do Cruzeiro
Imperial Ordem de Pedro Primeiro
Imperial Ordem da Rosa
Frade
Catolicismo no Brasil
Religião do Estado
Clero
Igreja Católica
Pároco
Bispo
Bula pontifícia
Seminário
Papa
Questão religiosa
Sinagoga
Judaísmo no Brasil
Alsácia-Lorena
Império Russo
Judaísmo
Protestantismo no Brasil
Ingleses
Anglicanismo no Brasil
Luteranismo no Brasil
Guerra de Secessão
Sul dos Estados Unidos
Reconstrução dos Estados Unidos
Imigração norte-americana no Brasil
Missionário
Igreja Batista
Luteranismo
Congregacionalismo
Metodismo
Sincretismo
Candomblé
Islã no Brasil
Politeísmo
Política do Império do Brasil
Assembleia Geral
Parlamento
Separação dos poderes
Declarações de guerra
Tratado
Relações internacionais
Lista de monarcas do Brasil
Imperador
Poder moderador
Conselho de Ministros
Primeiro-ministro
Presidente do Conselho de Ministros do Império
Joaquim Nabuco
Chanceler
Primeiro-ministro britânico
Câmara dos Comuns
Conselho Geral de Província
Províncias no Brasil
Ato Adicional
Ensino primário
Ensino secundário
Ensino superior
Desapropriação
Arquivo Nacional (Brasil)
Câmara municipal (Brasil)
Vereador
Dólar
Eleição indireta
França
Suíça
Formiga (Minas Gerais)
Irajá (bairro do Rio de Janeiro)
Fraude eleitoral no Império do Brasil
Forças Armadas do Império do Brasil
Exército Imperial Brasileiro
Armada Imperial Brasileira
Encouraçado
Encouraçado de Esquadra Riachuelo
Estaleiro
Forças Armadas do Brasil
Comandante-em-chefe
Ministério da Defesa (Brasil)
Marinha do Brasil
Recrutamento forçado
Tributo de sangue
Senado do Brasil
Guerra da independência do Brasil
Guerra naval
Navio a vapor
Torpedo
Hemisfério ocidental
Exército do Brasil
Caudilhismo
Conde de Porto Alegre
Marquês de Erval
República
Peru
República de Nova Granada
Colômbia
Venezuela
Bolívia
Paraguai
Floresta amazônica
John C. Calhoun
Secretário de Estado dos Estados Unidos
Segunda intervenção francesa no México
Reino de Itália (1861–1946)
Império Alemão
Bélgica
Áustria-Hungria
Guerra do Pacífico (século XIX)
Economia do Império do Brasil
PIB per capita
México
Europa Ocidental
Reino Unido
Produtividade
Ferrovia
Agricultura de subsistência
Capital (economia)
Inovação tecnológica
Produção marginal
Capital humano
Nova Inglaterra
Prússia
Grã-Bretanha
Censo de 1872
Analfabeto
Censo demográfico do Brasil de 1890
América Latina
Desigualdade econômica
Subsistência
Balança comercial
Açúcar
Café
Libras esterlinas
Agricultura no Brasil
Cacau
Borracha
Navegação a vapor
Transporte ferroviário no Brasil
Real (moeda portuguesa)
Cifrão
Petrópolis
Eletricidade
Saneamento
Bonde
Tratamento de esgoto
Telefonia
Iluminação pública
Academismo no Brasil
Independência ou Morte (pintura)
Museu Paulista
Victor Meirelles
Museu Nacional de Belas Artes (Brasil)
Artes visuais
Pintura no Brasil
Escultura no Brasil
Arquitetura no Brasil
Barroco no Brasil
Neoclassicismo no Brasil
Litografia
Fotografia
Academia Imperial de Belas Artes
"Escola Real de Ciências, Artes e Ofícios"
Emigração
Franceses
Instituto Histórico e Geográfico Brasileiro
Historiador
Francisco Adolfo de Varnhagen
Antônio Carlos Gomes
Pintura histórica
Simplício Rodrigues de Sá
Félix Taunay
Manuel de Araújo Porto-Alegre
Rodolfo Amoedo
Almeida Júnior
Rodolfo Bernardelli
João Zeferino da Costa
Pintura de paisagem
Georg Grimm
Giovanni Battista Castagneto
França Júnior
Antônio Parreiras
Ecletismo
Gonçalves Dias
Gonçalves de Magalhães
Literatura brasileira
Literatura portuguesa
Peça teatral
Teatro brasileiro
Indianismo
Sentimentalismo
José de Alencar
Bernardo Guimarães
Álvares de Azevedo
Casimiro de Abreu
Castro Alves
Joaquim Manuel de Macedo
Manuel Antônio de Almeida
Alfredo d'Escragnolle Taunay
Martins Pena
Joaquim Maria Machado de Assis
Raul Pompeia
Parnasianismo no Brasil
Aluísio Azevedo
Adolfo Caminha
António Cândido Gonçalves Crespo
Alberto de Oliveira
Raimundo Correia
Olavo Bilac
Quintino Bocaiuva
Júlia Lopes de Almeida
Maria Angélica Ribeiro
Circo
Acrobata
Ilusionismo
Evolução territorial do Brasil
Imperatriz do Brasil
Monarquismo no Brasil
Presidente do Conselho de Ministros (Brasil)
Príncipe do Brasil (Brasil)
Príncipe Imperial do Brasil
Símbolos do Brasil
Inversão partidária (1868)
Monarquia Presidencial
Língua inglesa
Instituto de Pesquisa Econômica Aplicada
International Standard Book Number
OCLC
Tribuna do Norte
UFBA
O Globo
BBC
Digital object identifier
Barsa
Leslie Bethell
C. R. Boxer
Sérgio Buarque de Holanda
Belo Horizonte
Companhia das Letras
Thomas Skidmore
1500 no Brasil
Brasil República
Império do Brasil
Voluntários da Pátria
Hino Nacional Brasileiro
Noite da agonia
Coroação de Dom Pedro II do Brasil
Conselho de Estado (Brasil)
Gabinete do Império do Brasil
Parlamentarismo às avessas
Eleições diretas no Império do Brasil
Partido Liberal Exaltado
Partido Moderado (Brasil)
Partido Regressista
Partido Restaurador
Poder Moderador do Brasil
Joias do Império do Brasil
Coroa Imperial do Brasil
Cetro Imperial
Imperial Cidade
Ciclo da borracha
Fundição Ipanema
Banco do Brasil
Caixa Econômica Federal
Sociedade Auxiliadora da Indústria Nacional
São Paulo Railway
Companhia Mogiana de Estradas de Ferro
Companhia Paulista de Estradas de Ferro
Estabelecimento de Fundição e Estaleiros da Ponta d'Areia
Estrada de Ferro da Bahia ao São Francisco
Estrada de Ferro Minas e Rio
Estrada de Ferro Oeste de Minas
Estrada de Ferro Recife ao São Francisco
Viação Férrea Sapucaí
Carta imperial
Código Criminal de 1830
Código do Processo Criminal de 1832
Constituição da mandioca
Decreto Imperial do Brasil 523 de 20 de Julho de 1847
Lei dos Sexagenários
Lei Saraiva
Ordenações Filipinas
Galés (pena)
Artes do Brasil
Cinema do Brasil
Culinária do Brasil
Esporte no Brasil
Feriados no Brasil
Filosofia no Brasil
Folclore brasileiro
Multiculturalismo no Brasil
Problemas sociais do Brasil
Criminalidade no Brasil
Homofobia no Brasil
Intolerância religiosa no Brasil
Racismo no Brasil
Bandeira do Brasil
Armas Nacionais do Brasil
Selo Nacional do Brasil
Ordem e Progresso
Economia do Brasil
Banco Central do Brasil
Lista de empresas do Brasil
Indústria no Brasil
Mineração no Brasil
Real (moeda brasileira)
Pecuária no Brasil
Problemas econômicos do Brasil
Turismo no Brasil
Geografia do Brasil
Biodiversidade no Brasil
Áreas protegidas no Brasil
Biomas do Brasil
Problemas ambientais do Brasil
Vegetação do Brasil
Demografia do Brasil
Línguas do Brasil
Religião no Brasil
Estação Antártica Comandante Ferraz
Clima do Brasil
Fusos horários no Brasil
Hidrografia do Brasil
Litoral do Brasil
Lista de extremos do Brasil
Relevo do Brasil
Subdivisões do Brasil
Lista de capitais do Brasil
Distritos do Brasil
Municípios do Brasil
Hierarquia urbana do Brasil
Regiões do Brasil
Regiões geográficas intermediárias e imediatas
Cronologia da história do Brasil
Periodização da história do Brasil
Estado do Grão-Pará e Maranhão
Período Populista
Infraestrutura do Brasil
Ciência e tecnologia no Brasil
Comunicações do Brasil
Educação no Brasil
Política energética do Brasil
Energia renovável no Brasil
Saúde no Brasil
Segurança no Brasil
Força Aérea Brasileira
Forças policiais do Brasil
Transportes do Brasil
Política do Brasil
Governo federal do Brasil
Administração pública no Brasil
Direito do Brasil
História da Constituição do Brasil
Poder Executivo do Brasil
Presidente do Brasil
Governador
Prefeito
Poder Judiciário do Brasil
Supremo Tribunal Federal
Superior Tribunal de Justiça
Tribunal de Justiça (Brasil)
Poder Legislativo do Brasil
Congresso Nacional do Brasil
Assembleia legislativa (Brasil)
Câmara Legislativa do Distrito Federal
Tribunais de contas do Brasil
Eleições no Brasil
Partidos políticos no Brasil
Relações internacionais do Brasil
Política ambiental no Brasil
Direitos humanos no Brasil
Direitos LGBT no Brasil
Direitos da mulher no Brasil
Pena de morte no Brasil
União Federal
Distrito Federal do Brasil
Império
Idade Antiga
Império de Axum
Civilização cartaginesa
História da China
Dinastia Chin
Dinastia Han
Dinastia Jin (265-420)
Dinastia Wei do Norte
Reino de Cuxe
Antigo Egito
Império Antigo
Império Médio
Império Novo
História da Grécia
Liga de Delos
Macedónia Antiga
Reino Ptolemaico
Império Selêucida
Hititas
História da Índia
Império Gupta
Império Cuchana
Império Mahamegavana
Império Máuria
Mesopotâmia
Império Acádio
Assíria
Império Neoassírio
Império Neobabilônico
Império Paleobabilônico
História do Irão
Império Aquemênida
Império Medo
Império Parta
Império Sassânida
Império Romano
Império Romano do Ocidente
Império Bizantino
Teotihuacan
Xiongnu
Idade Média
Império Etíope
Sultanato de Adal
Império Angevino
Califado
Califado Abássida
Império Aiúbida
Califado de Córdova
Califado Fatímida
Califado Omíada
Califado Ortodoxo
Coroa de Aragão
Civilização asteca
Império do Benim
Império de Niceia
Império de Trebizonda
Império de Bornu
História da Bulgária
Primeiro Império Búlgaro
Segundo Império Búlgaro
Império de Canem
Império Carolíngio
Dinastia Sung
Dinastia Sui
Dinastia Tang
Dinastia Yuan
Império do Gana
Império Gasnévida
Goturcos
Hunos
Sultanato de Ifate
Império Inca
Império Chola
Sultanato de Déli
Império Pala
Império Quemer
Império Latino
Império de Majapait
Império do Mali
Sultanato Mameluco do Cairo
Império do Mar do Norte
Califado Almóada
Império Almorávida
Califado Idríssida
Império Merínida
Império Mongol
Canato de Chagatai
Canato da Horda Dourada
Ilcanato
Império de Oió
Império Buída
Império Corásmio
Império Safárida
Império Samânida
Império Taírida
Dinastia Timúrida
Sacro Império Romano-Germânico
Turcos seljúcidas
Império Seljúcida
Sultanato de Rum
Império Sérvio
Império Songai
Império Serivijaia
Idade Moderna
Idade Contemporânea
História da Alemanha
Alemanha Nazista
Império Austríaco
Império Centro-Africano
Dinastia Ming
Dinastia Qing
Império Coreano
História da França
Primeiro Império Francês
Segundo Império Francês
História do Haiti
Império do Haiti (1804-1806)
Império do Haiti (1849-1859)
Império Marata
Império Mogol
Império Sique
Império do Japão
Sultanato Saadiano
Dinastia alauita
História do México
Primeiro Império Mexicano
Segundo Império Mexicano
Império Otomano
Império Afexárida
Dinastia Pahlavi
Império Cajar
Império Safávida
Império Zande
História da Somália
Movimento dervixe somali
Império Sueco
Império Tu'i Tonga
Império de Uadai
União Ibérica
Império colonial
Império colonial alemão
Império Belga
Império colonial dinamarquês
Império Espanhol
Expansão ultramarina dos Estados Unidos
Império colonial francês
Império Italiano
Império Colonial Neerlandês
Império colonial sueco
Lista dos maiores impérios
Museu Britânico
Número de controle da Biblioteca do Congresso
