"Washington, D.C."
Aliança militar
30 de março
1942
Estados Unidos
Argentina
Bolívia
Brasil
Chile
Colômbia
Costa Rica
Cuba
Equador
El Salvador
Guatemala
Haiti
Honduras
México
Nicarágua
Panamá
Paraguai
Peru
Uruguai
Venezuela
Macedónia do Norte
Noruega
Países Baixos
Polónia
Portugal
Reino Unido
Romênia
Chéquia
Turquia
Língua Espanhola
Língua inglesa
Língua Portuguesa
Língua francesa
Representação do Brasil na Junta Interamericana de Defesa
Organização dos Estados Americanos
Antígua e Barbuda
Bahamas
Barbados
Belize
Canadá
Dominica
Granada (país)
Guiana
Jamaica
República Dominicana
Santa Lúcia
São Cristóvão e Neves
São Vicente e Granadinas
Suriname
Trindade e Tobago
Bandeira da Organização dos Estados Americanos
Carta da Organização dos Estados Americanos
Carta Democrática Interamericana
Estrutura da Organização dos Estados Americanos
Assembleia Geral da Organização dos Estados Americanos
Secretaria-geral da Organização dos Estados Americanos
Organização Pan-Americana da Saúde
Tratado Interamericano de Assistência Recíproca
Sistema Interamericano de Proteção aos Direitos Humanos
Convenção Americana sobre Direitos Humanos
Comissão Interamericana de Direitos Humanos
Corte Interamericana de Direitos Humanos
Instituto Interamericano da Criança
Cúpula das Américas
Banco Interamericano de Desenvolvimento
Capital Americana da Cultura
Pan-americanismo
